run,logic,avg_time_total,avg_time_broker_queue,avg_time_worker_queue,different_olts,requests
0,1,5782,6.0,1.6442703,10,100
1,2,9441,1.6442705,1.6442706,10,100
2,3,11024,1.6442596,0.0,10,100
3,1,6463,5.0,1.644272820,10,1000
4,2,232309.0,1.64273949,1.64427397,10,1000
5,3,18382,1.644275112,0,10,1000
